img,date,location,city,state,species,clicked_by,scientific_name,sub_species,species_name,sub_sub_family,sub_family,latitude,longitude
2-1.jpg,12-12-20,IGNOU Campus,New Delhi,Delhi,Indian Skipper,Kannan Sandeep,Spialia Galba,Galba,Spialia,Carcharodini,Pyrginae,28.5025,77.1988
2-2.jpg,29-03-20,IGNOU Campus,New Delhi,Delhi,Indian Skipper,Kannan Sandeep,Spialia Galba,Galba,Spialia,Carcharodini,Pyrginae,28.5025,77.1988
2-3.jpg,22-09-19,Aravalli Biodiversity Park,Gurgaon,Haryana,Grizzled Skipper,Nishand Venugopal,Spialia Galba,Galba,Spialia,Carcharodini,Pyrginae,28.3736,77.1709
2-4.jpg,20-08-19,"Sanjay Van,New Delhi",New Delhi,Delhi,Grizzled Skipper,Chandra Bhushan,Spialia Galba,Galba,Spialia,Carcharodini,Pyrginae,28.5309,77.1801
2-5.jpg,08-08-19,"Asola Bhatti Wildlife Sanctuary,New Delhi",New Delhi,Delhi,Light Pigmy Skipper,Conservation Education Centre,Gegenes nostrodamus,nostrodamus,Gegenes,Baorini,Hesperiinae,28.4762,77.23
2-6.jpg,09-07-19,"Asola Bhatti Wildlife Sanctuary,New Delhi",New Delhi,Delhi,Light Pigmy Skipper,Lakhan Kohli,Gegenes nostrodamus,nostrodamus,Gegenes,Baorini,Hesperiinae,28.4762,77.23
2-7.jpg,18-03-19,"Asola Bhatti Wildlife Sanctuary,New Delhi",New Delhi,Delhi,Indian Skipper,Conservation Education Centre,Spialia Galba,Galba,Spialia,Carcharodini,Pyrginae,28.4762,77.23
2-8.jpg,15-09-18,APS Dhaula Kuan,New Delhi,Delhi,Lesser Millet Skipper,Sandhya Phalke,Pelopidas Mathias,Mathias,Pelopidas,Baorini,Hesperiinae,28.6008,77.1689
2-9.jpg,07-09-18,"Asola Bhatti Wildlife Sanctuary,New Delhi",New Delhi,Delhi,Light Pigmy Skipper,Sohail Madan,Gegenes nostrodamus,nostrodamus,Gegenes,Baorini,Hesperiinae,28.4762,77.23
2-10.jpg,12-08-18,"Sanjay Van,New Delhi",New Delhi,Delhi,Grizzled Skipper,Chandra Bhushan,Spialia Galba,galba,Spialia,Carcharodini,Pyrginae,28.5309,77.1801
2-11.jpg,29-07-18,"Mangar Forest Area,Faridabad,Haryana",Faridabad,Haryana,Indian Skipper,Fermin Jose,Spialia Galba,Galba,Spialia,Carcharodini,Pyrginae,28.3736,77.1709
2-12.jpg,29-07-18,"Mangar Forest Area,Faridabad,Haryana",Faridabad,Haryana,Indian Skipper,Fermin Jose,Spialia Galba,Galba,Spialia,Carcharodini,Pyrginae,28.3736,77.1709
2-13.jpg,07-10-17,"ABDP garden,Gurgaon",Gurgaon,Haryana,Indian Skipper,Pankaj Gupta,Spialia Galba,Galba,Spialia,Carcharodini,Pyrginae,28.4818,77.1116
2-14.jpg,22-09-17,"ABDP garden,Gurgaon",Gurgaon,Haryana,Grizzled Skipper,Abhishek Gulshan,Spialia Galba,Galba,Spialia,Carcharodini,Pyrginae,28.4818,77.1116
2-15.jpg,16-09-17,"ABDP garden,Gurgaon",Gurgaon,Haryana,Indian Skipper,Pankaj Gupta,Spialia Galba,Galba,Spialia,Carcharodini,Pyrginae,28.4818,77.1116
2-16.jpg,16-09-17,"ABDP garden,Gurgaon",Gurgaon,Haryana,Indian Skipper,Pankaj Gupta,Spialia Galba,Galba,Spialia,Carcharodini,Pyrginae,28.4818,77.1116
2-17.jpg,15-09-17,"JNU,New Delhi",New Delhi,Delhi,Grizzled Skipper,Surya Prakash,Spialia Galba,Galba,Spialia,Carcharodini,Pyrginae,28.5402,77.1662
1-2.jpg,01-10-20,,Rajapalayam,Tamilnadu,Spialia Galba -Grizzled Skipper,Sharan Venkatesh,Spialia Galba,Galba,Spialia,Carcharodini,Pyrginae,9.4515,77.5543
bns.jpg,26-09-20,kerela,,Kerala,Banana skipper ,Arun Kumar Krishnan,Erionota Thrax Thrax,Thrax,Erionota,Aeromachini,Hesperiinae,10.8505,76.2711
3-1.jpg,01-12-20,"Rajapalayam, Tamilnaidu",Rajapalayam,Tamilnadu,Gomalia Elma-African marbled skipper,Sharan Venkatesh,Gomalia Elma,Elma,Gomalia,Carcharodini,Pyrginae,9.4515,77.5543
3-2.jpg,29-08-20,bengaluru,Bangalore,Karnataka,Gomalia Elma albofasciata-Asian marbled skipper,Nagraj Veeraswami,Gomalia Elma albofasciata,Elma,Gomalia,Carcharodini,Pyrginae,12.9716,77.5946
3-3.jpg,31-12-20,S-W bangalore,Bangalore,Karnataka,Grizzled Skipper. Pyrgus malvae,Debomita Chakrabarti,Pyrgus malvae,malvae,Pyrgus,Pyrgini,Pyrginae,12.97244,77.580643
grizz.jpg,26-09-20,"Rajapalayam, Tamilnadu",Rajapalayam,Tamilnadu,Grizzled skipper ,Sharan Venkatesh,Pyrgus malvae,malvae,Pyrgus,Pyrgini,Pyrginae,9.4515,77.5543
3-4.jpg,31-07-20,Karnataka ,,Karnataka,"African marbled skipper,Gomalia Elma",Ashwini Ashok,Gomalia Elma,Elma,Gomalia,Carcharodini,Pyrginae,15.3173,75.7139
3-5.jpg,05-10-20,"Satara, Maharashtra",Satara,Maharashtra,lesser millet skipper Canon 200D with Tamron 90mm macro,Raag Anurag,Pelopidas Mathias,Mathias,Pelopidas,Baorini,Hesperiinae,17.6805,74.0183
3-6.jpg,30-08-20,"Lucknow,UP ",Lucknow,UttarPradesh,grizzled skipper (Spialia Galba) ,Prakash Vir Singh,Spialia Galba,Galba,Spialia,Carcharodini,Pyrginae,26.8467,80.9462
3-7.jpg,19-07-20,"Rajshahi,Bangladesh.",,Bangladesh,Grizzled Skipper (Spialia Galba) ,Md Kayes,Spialia Galba,Galba,Spialia,Carcharodini,Pyrginae,24.3745,88.6042
3-8.jpg,08-11-20,"Goregaon, Mumbai, Maharashtra",Mumbai,Maharashtra,Banana Skipper,Raju Kasambe,Erionota Thrax Thrax,Thrax,Erionota,Aeromachini,Hesperiinae,19.1663,72.8526
3-9.jpg,01-06-20,Satargaon Rani Assam,,Assam,Spialia Galba Fabricius,Prakash K K,Spialia Galba Fabricius,Galba,Spialia,Carcharodini,Pyrginae,25.8,91.27
3-10.jpg,26-07-20,"Nawabganj, Unnao(Uttar Pradesh)",,UttarPradesh,Grizzled Skipper (Spialia Galba,Ratindra Pandey,Spialia Galba,Galba,Spialia,Carcharodini,Pyrginae,26.621,80.6683
3-11.jpg,07-11-20,Bangalore,Bangalore,Karnataka,Asian Marbelled Skipper ,Kanishka Sarangi,Gomalia Elma albofasciata,Elma,Gomalia,Carcharodini,Pyrginae,12.9716,77.5946
3-12.jpg,02-07-20,"Kannur, Kerala ",Kannur,Kerala,grizzled skipper ,A.V. Unnikrishnan Kalliad,Pyrgus malvae,malvae,Pyrgus,Pyrgini,Pyrginae,11.8745,75.3704
3-13.jpg,07-02-20,Mysore ,Mysore,Karnataka,ASIAN MARBLED SKIPPER ( Gomalia Elma albofasciata ) ,Arun Urs,Gomalia Elma albofasciata,Elma,Gomalia,Carcharodini,Pyrginae,12.2958,76.6394
3-14.jpg,02-07-20,"Kannur, Kerala ",Kannur,Kerala,Indian grizzled skipper,A.V. Unnikrishnan Kalliad,Spialia Galba,Galba,Spialia,Carcharodini,Pyrginae,11.8745,75.3704
3-15.jpg,08-09-20,"Kaiga,Uttara Kannada, Karnataka",,Karnataka,Ganara Thyrsis,Puttaraju Kenchappa,Gangara Thyrsis Thyrsis,Thyrsis,Gangara,Aeromachini,Hesperiinae,14.8661,74.4394
3-16.jpg,22-10-20,"Pune, Maharashtra",Pune,Maharashtra,,Nithin Belle,Hesperiidae,,,,,18.5204,73.8567
3-17.jpg,12-04-20,Bengaluru,Bangalore,Karnataka,,Padmaraju Mysore Ranganath,Hesperiidae,,,,,12.9716,77.5946
3-18.jpg,17-10-20,"Guwahati, Assam",Guwahati,Assam,Pothanthus mingo ,Kripaljyoti Mazumdar,Pothanthus mingo ,spp,Potanthus,Taractrocerini,Hesperiinae,26.1445,91.7362
3-19.jpg,12-02-20,"Singanallur lake, Coimbatore",Coimbatore,Tamilnadu,African Marbled skipper,Sadheeskumar K,Gomalia Elma,Elma,Gomalia,Carcharodini,Pyrginae,10.9891,77.0227
3-20.jpg,20-11-20,Varanasi ,,UttarPradesh,Indian grizzled skipper - Spialia Galba,Priyanka Kumari,Spialia Galba,Galba,Spialia,Carcharodini,Pyrginae,25.3176,82.9739
3-21.jpg,30-05-20,Visakhapatnam ,,AndhraPradesh,African Marbled Skipper(Gomalia Elma),Rama Krishna,Gomalia Elma,Elma,Gomalia,Carcharodini,Pyrginae,17.6868,83.2185
3-22.jpg,17-10-20,"Uttarakannada, Karnataka ",,Karnataka,Pygmy Scrub Hopper,Puttaraju Kenchappa,Aeromachus pygmaeus,pygmaeus,Aeromachus,Aeromachini,Hesperiinae,14.7937,74.6869
3-23.jpg,07-11-20,Bangalore,Bangalore,Karnataka,Asian Marbelled Skipper,Kanishka Sarangi,Gomalia Elma albofasciata,Elma,Gomalia,Carcharodini,Pyrginae,12.9716,77.5946
2-24.jpg,02-09-20,"Davangere, Karnataka",,Karnataka,African Marbled Skipper,Dr-Shishupala S,Gomalia Elma,Elma,Gomalia,Carcharodini,Pyrginae,14.4644,75.9218
3-25.jpg,19-06-20,WB,,WestBengal,Indian Grizzled Skipper ,Prosenjit Das,Spialia Galba,Galba,Spialia,Carcharodini,Pyrginae,22.9868,87.855
3-26.jpg,15-01-20,"Bandipur, Karnataka",Bandipur,Karnataka,Banana skipper,Nitin Marathe,Erionota Thrax Thrax,Thrax,Erionota,Aeromachini,Hesperiinae,11.6677,76.6326
bns.jpg,17-04-20,Assam,,Assam,banana skipper,Satyendra Dutta,Erionota Thrax Thrax,Thrax,Erionota,Aeromachini,Hesperiinae,26.2006,92.9376
3-27.jpg,26-01-20,"Sinhagad Valley, Pune, Maharashtra",Pune,Maharashtra,,Pavan Damoor,Hesperiidae,,,,,18.3759,73.7692
3-28.jpg,22-05-20,"Kannur, Kerala ",Kannur,Kerala,indian Grizzled Skipper,A.V. Unnikrishnan Kalliad,Spialia Galba,Galba,Spialia,Carcharodini,Pyrginae,11.8745,75.3704
3-29.jpg,13-09-20,Maharashtra,,Maharashtra,Indian Skipper (Spialia Galba),Laxmishankar Yadav,Spialia Galba,Galba,Spialia,Carcharodini,Pyrginae,19.7515,75.7139
3-30.jpg,16-08-20,"Jorhat, Assam",Jorhat,Assam,ndian Grizzled Skipper,Pankaj Baruah,Spialia Galba,Galba,Spialia,Carcharodini,Pyrginae,26.7509,94.2037
3-31.jpg,28-08-20,Ranthambore,Ranthambore,Rajasthan,Asian Grizzled Skipper *Spialia Galba* ,Dharmendra Khandal,Spialia Galba,Galba,Spialia,Carcharodini,Pyrginae,26.0173,76.5026
grizz.jpg,10-12-20,Goa,,Goa,Indian grizzled skipper,Nicole Koshy,Spialia Galba,Galba,Spialia,Carcharodini,Pyrginae,15.2993,74.124
3-32.jpg,29-11-20,"Pune, Maharashtra",Pune,Maharashtra,omaha,Swanand Oak,Potanthus omaha,,Potanthus,Taractrocerini,Hesperiinae,18.5204,73.8567
3-33.jpg,26-02-20,Bangalore,Bangalore,Karnataka,INDIAN SKIPPER,Vikram Bellur,Hesperiidae,Galba,Spialia,Carcharodini,Pyrginae,12.9716,77.5946
3-34.jpg,24-02-20,Vadodara Gujarat ,Vadodara Gujarat ,Gujarat,,Deepti Patel Mehta,Hesperiidae,,,,,22.3072,73.1812
3-35.jpg,06-08-20,"Sriperumbudur, Tamilnadu ",,Tamilnadu,Indian Skipper,Vijay,Hesperiidae,Galba,Spialia,Carcharodini,Pyrginae,12.9625,79.9453
3-36.jpg,06-05-20,"Konalu, Dakshina Kannada",Karnataka,Kannada,Spialia Galba,Shubha Bhat,Spialia Galba,Galba,Spialia,Carcharodini,Pyrginae,12.8406,75.3823
grizz.jpg,20-02-20,"Sindhudurga , Maharashtra",Sindhudurg,Maharashtra,Parasitized Banana skipper ,Mangal Rane,Erionota Thrax Thrax,Thrax,Erionota,Aeromachini,Hesperiinae,16.3492,73.5594
3-37.jpg,12-10-20,Uttar Pradesh,,UttarPradesh,Indian Grizzled Skipper (Spialia Galba ,Ratindra Pandey,Spialia Galba,Galba,Spialia,Carcharodini,Pyrginae,26.8467,80.9462
3-38.jpg,29-12-20,west bengal,,WestBengal,,Riddha Roy Tubelight,Hesperiidae,,,,,22.9868,87.855
3-39.jpg,27-04-20,,,Karnataka,Asian Grizzled Skipper,Shashank Pathour,Spialia Galba,Galba,Spialia,Carcharodini,Pyrginae,,
3-40.jpg,17-09-20,Rajasthan,,Rajasthan,Lesser Millet Skipper,Rajpal Singh Tanwar,Pelopidas Mathias,Mathias,Pelopidas,Baorini,Hesperiinae,27.0238,74.2179
3-41.jpg,09-08-20,Uttar Pradesh,,UttarPradesh,Grizzled Skipper (Spialia Galba ,Ratindra Pandey,Spialia Galba,Galba,Spialia,Carcharodini,Pyrginae,26.8467,80.9462
3-42.jpg,06-09-20,Bangalore,Bangalore,Karnataka,Indian Grizzled Skipper,Kanishka Sarangi,Spialia Galba,Galba,Spialia,Carcharodini,Pyrginae,12.9716,77.5946
3-43.jpg,12-07-20, Punjab ,,Punjab,Indian grizzled skipper Spialia Galba,Tanya Vinit Mishra,Spialia Galba,Galba,Spialia,Carcharodini,Pyrginae,31.1471,75.3412
3-44.jpg,18-06-20,"WB, India",,WestBengal,Indian Grizzled Skipper ,Prosenjit Das,Spialia Galba,Galba,Spialia,Carcharodini,Pyrginae,22.9868,87.855
3-45.jpg,01-10-20,Madhya Pradesh,,MadhyaPradesh,Branded Skipper,Nikhil Jambhale,Hesperiidae,,,Hesperia,Hesperiinae,22.9734,78.6569
grizz.jpg,31-10-20,"Rajapalayam, TN",Rajapalayam,Tamilnadu,Indian Grizzled Skipper (Spialia Galba),Sharan Venkatesh,Spialia Galba,Galba,Spialia,Carcharodini,Pyrginae,9.4515,77.5543
4-1.jpg,07-03-20,"Namdapha National Park, Arunachal Pradesh, India.",Changlang,ArunachalPradesh,Indian Skipper(Burara Amara),Isaac Kehimkar,Burara Amara,amara,Burara,,Coeliadinae,27.4455,96.5358
4-2.jpg,19-08-20,"Kadma,Bankura,West Bengal",Bankura,WestBengal,Coladenia indrani -Tricolour pied flat,Aniruddha singhamahapatra,Coladenia indrani indra,indrani,Coladenia,Tagiadini,Pyrginae,22.9888,87.0106
4-3.jpg,22-06-20,"Kadma,Bankura,West Bengal",Bankura,WestBengal,Hyarotis adrastus - Tree flitter,Aniruddha singhamahapatra,Hyarotis adrastus praba,adrastus,Hyarotis,Aeromachini,Hesperiinae,22.9888,87.0106
4-4.jpg,13-03-20,"Dosdewa Forest Trail, Karimganj, Assam, India",Karimganj,Assam,Indian Skipper,Makunda Nature Club,Spialia Galba,Galba,Spialia,Carcharodini,Pyrginae,24.3527,92.3448
4-5.jpg,06-06-20,"Makunda Christian Hospital,Karimganj, Assam, India",Karimganj,Assam,Indian Skipper,Makunda Nature Club,Spialia Galba,Galba,Spialia,Carcharodini,Pyrginae,24.432,92.3307
4-6.jpg,11-04-20,"Dosdewa Forest trail,Karimganj, Assam, India",Karimganj,Assam,Indian Skipper,Makunda Nature Club,Spialia Galba,Galba,Spialia,Carcharodini,Pyrginae,24.3527,92.3448
4-7.jpg,17-03-20,"Dosdewa Forest Trail,Karimganj, Assam, India",Karimganj,Assam,Indian Skipper,Makunda Nature Club,Spialia Galba,Galba,Spialia,Carcharodini,Pyrginae,24.3527,92.3448
indian.jpg,10-03-20,"Dosdewa Forest Trail,Karimganj, Assam, India",Karimganj,Assam,Indian Skipper,Makunda Nature Club,Spialia Galba,Galba,Spialia,Carcharodini,Pyrginae,24.3527,92.3448
4-8.jpg,10-01-20,"Makunda Forest Trail,Karimganj, Assam, India",Karimganj,Assam,Indian Skipper,Makunda Nature Club,Spialia Galba,Galba,Spialia,Carcharodini,Pyrginae,24.3527,92.3448
4-9.jpg,03-04-20,"Dosdewa Forest Trail,Karimganj, Assam, India",Karimganj,Assam,Banana Skipper,Makunda Nature Club,Erionota Thrax,Thrax,Erionota,Aeromachini,Hesperiinae,24.3527,92.3448
6-1.jpg,01-10-19,"Abloli, Chiplun",Chiplun,Maharashtra,Banana skipper (Erionota Torus),Viraj Khorjuwekar,Erionota Torus,Torus,Erionota,Aeromachini,Hesperiinae,17.53231,73.517792
6-2.jpg,10-11-19,"Tungareshwar WLS,Palghar District-Maharashtra.",Palghar,Maharashtra,Banana Skipper(Erionota Torus),Sagar Sarang,Erionota Torus,Torus,Erionota,Aeromachini,Hesperiinae,19.40331,72.95787
6-3.jpg,01-07-19,"Kadma, Bankura, West Bengal",Bankura,WestBengal,Indian Skipper (Spialia Galba),Aniruddha Singhamahapatra,Spialia Galba,Galba,Spialia,Carcharodini,Pyrginae,22.9888,87.0106
6-4.jpg,12-08-19,"Palakkad, Kerala",Palakkad,Kerala,Skipper,Balachandran Puliyampotta,Spialia Galba,Galba,Spialia,Carcharodini,Pyrginae,10.7867,76.6548
6-5.jpg,01-09-19,"Gonikopalu,Karnataka.",Bangalore,Karnataka,Grizzled Skipper,Gopakumar VR Namboothiri,Spialia Galba,Galba,Spialia,Carcharodini,Pyrginae,12.1843,75.9263
6-6.jpg,16-06-19,"Ramdevara Bette,Bangalore,Karnataka.",Bangalore,Karnataka,African Marbled Skipper,Gopakumar VR Namboothiri,Gomalia Elma,Elma,Gomalia,Carcharodini,Pyrginae,12.7532,77.3014
6-7.jpg,29-07-19,"Ratnagiri, Maharashtra, India.",Ratnagiri,Maharashtra,Indian Grizzled skipper,Netra Palkar-Apte,Spialia Galba,Galba,Spialia,Carcharodini,Pyrginae,16.9902,73.312
6-8.jpg,11-10-18,"Reshi, Sikkim",,Sikkim,"Grizzled Skipper,",Krishna Nath Pandit,Spialia Galba,Galba,Spialia,Carcharodini,Pyrginae,27.1818,88.6507
6-9.jpg,26-08-19,Gujrat,,Gujarat,Rice skipper,Vanraj Odedra,Pelopidas P. Mathias,Mathias,Pelopidas,Baorini,Hesperiinae,22.2587,71.1924
6-10.jpg,19-05-19,"Sindhudurg, Maharashtra",Sindhudurg,Maharashtra,Indian Grizzled skipper,Mangal Rane,Spialia Galba,Galba,Spialia,Carcharodini,Pyrginae,16.3492,73.5594
6-11.jpg,18-06-19,"Palakkad, Kerala",Palakkad,Kerala,Spialia Galba / Indian Skipper,"Rajib Dey, Avinash Sant",Spialia Galba,Galba,Spialia,Carcharodini,Pyrginae,10.7867,76.6548
6-12.jpg,12-11-19,"Tungareshwar WLS, Palghar District, Maharashtra.",Palghar,Maharashtra,Banana Skipper(Erionota Torus),Gaurav Tanvi Tushar Khule,Erionota Torus,Torus,Erionota,Aeromachini,Hesperiinae,19.40331,72.95787
6-13.jpg,24-06-19,"Palakkad, Kerala",Palakkad,Kerala,Indian grizzled skipper,Vasudeesha Hosabettu,Spialia Galba,Galba,Spialia,Carcharodini,Pyrginae,10.7867,76.6548
6-14.jpg,08-12-19,"Harinavi, West Bengal",Harinavi,WestBengal,Erionota Torus – Rounded Palm-redeye or Banana Skipper,Sarpita Bose,Erionota Torus,Torus,Erionota,Aeromachini,Hesperiinae,22.4125,88.4186
grizz.jpg,01-07-19,bangalore,Bangalore,Karnataka,Skipper butterfly,Joyashree Saha Biswas,Spialia Galba,Galba,Spialia,Carcharodini,Pyrginae,12.9716,77.5946
6-15.jpg,15-08-19,"Palakkad, Kerala",Palakkad,Kerala,Skipper,Balachandran Puliyampotta,Spialia Galba,Galba,Spialia,Carcharodini,Pyrginae,10.7867,76.6548
6-16.jpg,04-01-19,"Dapoli, Maharashtra",Dapoli,Maharashtra,Spialia Galba Galba – Indian Grizzled Skipper,Paresh Churi,Spialia Galba,Galba,Spialia,Carcharodini,Pyrginae,17.7677,73.191
6-17.jpg,31-05-19,Jammu,Jammu ,Jammu&Kashmir,Indian Skipper (Spialia Galba),Shelly Jain,Spialia Galba,Galba,Spialia,Carcharodini,Pyrginae,32.7266,74.857
6-18.jpg,26-05-19,"Nagaon, Assam",Nagaon,Assam,"Common Bush Hopper, Male,  Ampittia dioscorides (Fabricius, 1793)",Mann Kumar Thapa,Ampittia dioscorides,dioscorides,Ampittia,Aeromachini,Hesperiinae,26.348,92.6838
6-19.jpg,13-11-19,"Amboli, Maharashtra",Amboli,Maharashtra,Rounded Palm-redeye,Hemant Ogale,Erionota Torus,Torus,Erionota,Aeromachini,Hesperiinae,15.9647,74.0036
6-20.jpg,03-12-19,Devrukh Maharashtra,Devrukh,Maharashtra,Rounded palm-redeye or banana skipper (Erionota Torus),Prateik More,Erionota Torus,Torus,Erionota,Aeromachini,Hesperiinae,17.0686,73.6242
bns.jpg,21-12-19,"Vagamon, Kerala",Vagamon,Kerala,skipper,Nayan,Spialia Galba,Galba,Spialia,Carcharodini,Pyrginae,9.6862,76.9052
6-21.jpg,17-10-19,"Ahmednagar, Maharashtra",,Maharashtra,"Gomalia Elma (Trimen, 1862) – African Marbled Skipper",Pradeep Jaiswal,Gomalia Elma,Elma,Gomalia,Carcharodini,Pyrginae,19.0948,74.748
6-22.jpg,16-01-19,"Lohegaon, Pune",Pune,Maharashtra,Borbo cinnara,B Savit,Borbo cinnara,cinnara,Borbo,Baorini,Hesperiinae,18.5945,73.9276
6-23.jpg,07-11-19,"Khar West, Mumbai",Mumbai,Maharashtra,Skipper,Raghavendra Rajadhyaksha,Spialia Galba,Galba,Spialia,Carcharodini,Pyrginae,19.07,72.8338
6-24.jpg,28-09-19,"Gonikopalu, Karnataka",Gonikopalu,Karnataka,Grizzled Skipper,Gopakumar VR Namboothiri,Spialia Galba,Galba,Spialia,Carcharodini,Pyrginae,12.1843,75.9263
6-25.jpg,14-07-19,Bengaluru,Bangalore,Karnataka,Indian Grizzled Skipper,Nagraj Veeraswami,Spialia Galba,Galba,Spialia,Carcharodini,Pyrginae,12.9716,77.5946
6-26.jpg,07-07-19,Bengaluru,Bangalore,Karnataka,Asian Grizzled Skipper,Nagraj Veeraswami,Gomalia Elma albofasciata,Elma,Gomalia,Carcharodini,Pyrginae,12.9716,77.5946
6-27.jpg,28-07-19,"JP Forest, Banglore, KA",Bangalore,Karnataka,Indian Grizzled Skipper,VC Balakrishnan,Spialia Galba,Galba,Spialia,Carcharodini,Pyrginae,12.9716,77.5946
6-28.jpg,31-03-19,"Nalabanta,Aska, Odisha",Aska,Odisha,Indian skipper butterfly,Tara Mahapatra,Spialia Galba,Galba,Spialia,Carcharodini,Pyrginae,19.61159,84.664486
6-29.jpg,21-10-19,Bangalore,Bangalore,Karnataka,Banana skipper,Akhilesh Sharma,Erionota Torus,Galba,Spialia,Carcharodini,Pyrginae,12.9716,77.5946
6-30.jpg,28-09-19,"Coimbatore, Tamilnadu",Coimbatore,Tamilnadu,"African marbled skipper, Gomalia Elma",Hari,Gomalia Elma,Elma,Gomalia,Carcharodini,Pyrginae,11.0168,76.9558
6-31.jpg,28-10-19,,,Tamilnadu,Common red-eye skipper,Sayantam Jana,Matapa aria,aria,Matapa,Aeromachini,Hesperiinae,,
6-32.jpg,11-07-19,"Doresanipalya reserve forest, Bangalore",Bangalore,Karnataka,Indian Grizzled Skipper,Vikram Bellur,Spialia Galba,Galba,Spialia,Carcharodini,Pyrginae,12.8918,77.592
6-33.jpg,08-07-19,"Palakkad, Kerala",Palakkad,Kerala,Skipper,Balachandran Puliyampotta,Spialia Galba,Galba,Spialia,Carcharodini,Pyrginae,10.7867,76.6548
6-34.jpg,05-06-19,"Bokakhat, Assam",Bokakhat,Assam,Indian Skipper,Sasanka Dhaval Saikia,Spialia Galba,Galba,Spialia,Carcharodini,Pyrginae,26.6215,93.6116
6-35.jpg,17-11-17,Goa University Campus,Panaji,Goa,Grizzled skipper (Spialia Galba),Saish Borkar,Spialia Galba,Galba,Spialia,Carcharodini,Pyrginae,15.4588,73.8342
6-36.jpg,19-06-19,"md.bazar, birbhum, west Bengal",,WestBengal,Indian grizzled skipper,Sarbajit Attmik Chatterjee,Spialia Galba,Galba,Spialia,Carcharodini,Pyrginae,23.9168,87.517
6-37.jpg,18-08-19,"Wayanad, Boy's town",,Kerala,Skipper,Nishad Manathana,Spialia Galba,Galba,Spialia,Carcharodini,Pyrginae,11.8402,75.9187
6-38.jpg,30-07-19,"Kadma, Bankura, West Bengal",Bankura,WestBengal,Indian Skipper (Spialia Galba),Aniruddha Singhamahapatra,Spialia Galba,Galba,Spialia,Carcharodini,Pyrginae,22.9888,87.0106
6-39.jpg,06-07-19,"Savandurga,Bangalore",Bangalore,Karnataka,African Marbled skipper,Harisha Achar,Gomalia Elma,Elma,Gomalia,Carcharodini,Pyrginae,12.91965,77.292881
6-40.jpg,30-09-19,"Lohegaon, Pune",Pune,Maharashtra,Pelopidas sp. P. Mathias,B Savit,Pelopidas P. Mathias,Mathias,Pelopidas,Baorini,Hesperiinae,18.5945,73.9276
6-41.jpg,15-02-19,Jharkhand,,Jharkhand,skipper,Tanya Vinit Mishra,Spialia Galba,Galba,Spialia,Carcharodini,Pyrginae,23.6102,85.2799
6-42.jpg,11-03-19,"Lalitha Mahal Palace area, Mysore",Mysore,Karnataka,ASIAN MARBLED SKIPPER ( Gomalia Elma albofasciata ),Arun Urs,Gomalia Elma albofasciata,Elma,Gomalia,Carcharodini,Pyrginae,12.2983,76.6926
6-43.jpg,31-01-19,South Goa,,Goa,Pygmy Scrub Hopper( Aeromachus pygmaeus),John Mann,Aeromachus pygmaeus,pygmaeus,Aeromachus,Aeromachini,Hesperiinae,15.1177,74.124
6-44.jpg,28-04-19,"Barpeta, Assam",Barpeta,Assam,"Erionota Thrax Linnaeus, 1767 – Palm Redeye( Banana Skipper)",David Das,Erionota Thrax,Thrax,Erionota,Aeromachini,Hesperiinae,26.3216,90.9821
6-45.jpg,14-07-19,"BNHS Butterfly Garden, At Cec Bnhs, Goregaon, Mumbai",Mumbai,Maharashtra,skipper,Raju Kasambe,Spialia Galba,Galba,Spialia,Carcharodini,Pyrginae,19.1632,72.8926
6-46.jpg,07-10-19,Tiruppur,Tiruppur,Tamilnadu,Indian Grizzled Skipper,Darshan M. Trivedi,Spialia Galba,Galba,Spialia,Carcharodini,Pyrginae,11.1085,77.3411
6-47.jpg,21-07-19,"Triplicane, Chennai",Chennai,Tamilnadu,African Marbled skipper,Supraja Narasimhan,Gomalia Elma,Elma,Gomalia,Carcharodini,Pyrginae,13.0588,80.2756
6-48.jpg,02-09-19,"Lohegaon, Pune",Pune,Maharashtra,"Melanitis leda, Common evening brown",B Savit,Melanitis leda,,,,,18.5945,73.9276
6-49.jpg,26-09-19,Devrukh MH,Devrukh,Maharashtra,Grass Demon (Udaspes folus),Prateik More,Udaspes folus,folus,Udaspes,Aeromachini,Hesperiinae,17.0686,73.6242
redeye.jpg,27-11-19,"Baripada, Odisha",Baripada,Odisha,Common red eye (Matapa aria),Bapu Behera,Matapa aria,aria,Matapa,Aeromachini,Hesperiinae,21.932,86.7466
6-50.jpg,10-09-19,"Kolhapur, Maharashtra",Kolhapur,Maharashtra,Plum dart Skipper,Pranav Datar,Pelopidas subochracea,subochracea,Pelopidas,Baorini,Hesperiinae,16.705,74.2433
pierrot.jpg,03-11-19,"Borsul East Bardhaman, Southern West Bengal, Eastern India",Southern West Bengal,WestBengal,Common Pierrot,Purab Chowdhury,Castalius rosimon,,,,,23.23251,87.863419
grizz.jpg,20-10-19,"Jaguli Grassland Nadia, Southern West Bengal, Eastern India",Southern West Bengal,WestBengal,Indian Grizzled Skipper,Debjit Mondal,Spialia Galba,Galba,Spialia,Carcharodini,Pyrginae,22.955,88.5375
6-51.jpg,07-07-19,"Kannur, Kottamchuram",Kannur,Karnataka,Skipper,Nishad Manathana,Spialia Galba,Galba,Spialia,Carcharodini,Pyrginae,11.87447,75.370369
1-1.jpg,05-09-20,"Paleri,Kozhikode,Kerala,India",Kozhikode,Kerala,"Indian Grizzled Skipper,Spialia Galba Galba",Abdulla Paleri,Spialia Galba,Galba,Spialia,Carcharodini,Pyrginae,11.648,75.7495
1-2.jpg,30-10-20,"Rajapalayam, Tamilnadu",Rajapalayam,Tamilnadu,"Spialia Galba (Fabricius, 1793)",Sharan Venkatesh,Spialia Galba,Galba,Spialia,Carcharodini,Pyrginae,9.448815,77.557175
1-3.jpg,17-10-20,"Uttarakannada, Karnataka",Uttarakannada,Karnataka,Skipper Pygmy Scrub Hopper,Puttaraju Kenchappa,Aeromachus pygmaeus,pygmaeus,Aeromachus,Aeromachini,Hesperiinae,14.65807,74.311776
1-5.jpg,07-05-20,Idukki,Idukki,Kerala,Banana Skipper (Erionota Torus),Rijo BabyKumbalamthanam,Erionota Torus,Galba,Spialia,Carcharodini,Pyrginae,10.08916,77.059723
1-6.jpg,01-07-20,Thrissur,Thrissur,Kerala,"Blank swift , Caltoris kumara kumara",Rajesh Vinu,Caltoris kumara,kumara,Caltoris,Baorini,Hesperiinae,10.52557,76.171127
1-7.jpg,01-07-19,Trivandrum,Trivandrum,Kerala,"Indian skipper,Spialia Galba",Ashley Shaji,Spialia Galba,Galba,Spialia,Carcharodini,Pyrginae,8.524139,76.936638
1-8.jpg,01-09-20,"Kaiga, Uttara Kannada, Karnataka",Uttarakannada,Karnataka,Giant Red Eye - Ganara Thyrsis,Puttaraju Kenchappa,Ganara Thyrsis,Thyrsis,Gangara,Aeromachini,Hesperiinae,14.8523,74.4265
pelopidas.jpg,24-08-20,,,Kerala,"Pelopidas sp., Branded swift or millet skippers.",Ashwin G,Pelopidas Mathias,Mathias,Pelopidas,Baorini,Hesperiinae,,
1-10.jpg,19-10-20,calicut,Calicut,Kerala,African marbled skipper,Ashique Tdy,Gomalia Elma,Elma,Gomalia,Carcharodini,Pyrginae,11.25875,75.780411
1-11.jpg,22-08-20,Malappuram,Malappuram,Kerala,small branded swift,Najiya V Usman,Pelopidas Mathias,Mathias,Pelopidas,Baorini,Hesperiinae,11.07203,76.074005
1-13.jpg,10-09-19,"Agali, Attappad",Palakkad,Kerala,Indian Skipper,Pj George,Spialia Galba,Galba,Spialia,Carcharodini,Pyrginae,10.99324,76.4609924
1-14.jpg,13-07-19,Trivandrum,Trivandrum,Kerala,Grass demon (Udaspes folus),Bala Chandran V,Udaspes folus,folus,Udaspes,Aeromachini,Hesperiinae,8.524139,76.936638
1-15.jpg,01-06-19,calicut beach,Calicut,Kerala,indian grizzled skipper,Muhammed Aslamkk,Spialia Galba,Galba,Spialia,Carcharodini,Pyrginae,11.25875,75.780411
1-16.jpg,01-07-18,Attappadi,Palakkad,Kerala,Indian Skipper or Indian Grizzled Skipper.,Pj George,Spialia Galba,Galba,Spialia,Carcharodini,Pyrginae,11.1053,76.5566
1-17.jpg,28-04-18,Calicut,Calicut,Kerala,Pelopidas sp,U Anand Subbaram,Pelopidas Mathias,Mathias,Pelopidas,Baorini,Hesperiinae,11.25875,75.780411
1-18.jpg,17-11-21,"Mayyil, KL",Kannur,Kerala,P.Mathias,Vinaya Raj V R,Pelopidas Mathias,Mathias,Pelopidas,Baorini,Hesperiinae,25.662,25.6533
1-19.jpg,14-10-17,Attappadi,Palakkad,Kerala,Indian Skipper,Pj George,Spialia Galba,Galba,Spialia,Carcharodini,Pyrginae,11.1053,76.5566
1-20.jpg,03-08-17,"Neeravil, Kollam",Kollam,Kerala,Banana Skipper,Sreejith Bharathan,Erionota Torus,Galba,Spialia,Carcharodini,Pyrginae,8.928751,76.593611
1-22.jpg,17-06-21,"Thenmala, Kollam",Thenmala,Kerala,Indian grizzled skipper,Sreejith Bharathan,Spialia Galba,Galba,Spialia,Carcharodini,Pyrginae,9.04833,77.10984
1-24.jpg,12-09-17,Attappadi,Palakkad,Kerala,Indian skipper,Pj George,Spialia Galba,Galba,Spialia,Carcharodini,Pyrginae,11.1053,76.5566
1-25.jpg,10-06-16,Kadavoor,Kadavoor,Kerala,Banana Skipper,Jeevan Jose,Erionota Torus,Galba,Spialia,Carcharodini,Pyrginae,10,76.7416
1-26.jpg,01-11-16,idukki,Idukki,Kerala,Banana skipper/Erionota Torus,Muhammed Aslamkk,Erionota Torus,Galba,Spialia,Carcharodini,Pyrginae,10.08916,77.059723
1-27.jpg,26-11-16,Kuzhikunnu valanchery,Valanchery,Kerala,Spialia Galba,Naeem Pamparambil,Spialia Galba,Galba,Spialia,Carcharodini,Pyrginae,11.8749,75.3594
1-28.jpg,17-09-16,Idukki,Idukki,Kerala,Banana Skipper / Erionota Torus.,Arun Lal,Erionota Torus,Galba,Spialia,Carcharodini,Pyrginae,10.08916,77.059723
1-29.jpg,14-08-16,Wayanad,,Kerala,Indian Grizzled Skipper (Spialia Galba),Rajesh Gopinath,Spialia Galba,Galba,Spialia,Carcharodini,Pyrginae,11.6287,76.081251
1-30.jpg,18-05-16,Kattappana,Kattappana,Kerala,Indian grizzled skipper,Muhammed Aslamkk,Spialia Galba,Galba,Spialia,Carcharodini,Pyrginae,9.756835,77.116867
1-31.jpg,24-06-16,Kottiyoor,Kannur,Kerala,Indian Grizzled Skipper (Spialia Galba),Sunilck Sun,Spialia Galba,Galba,Spialia,Carcharodini,Pyrginae,11.8845,75.888
1-32.jpg,26-01-16,Kattappana,Kattappana,Kerala,Indian Grizzled skipper,Muhammed Aslamkk,Spialia Galba,Galba,Spialia,Carcharodini,Pyrginae,9.756835,77.116867
5-1.jpg,01-11-18,Westbengal,,WestBengal,Banana Skipper & Common Jezebel Paschim,Satadeep Mandal,Erionota Torus,Galba,Spialia,Carcharodini,Pyrginae,22.97862,87.747803
grizz.jpg,22-07-18,Bengaluru,Bangalore,Karnataka,Spialia Galba,Haneesh Km,Spialia Galba,Galba,Spialia,Carcharodini,Pyrginae,12.97244,77.580643
5-2.jpg,16-09-18,Bengaluru,Bangalore,Karnataka,Spialia Galba,Nagraj Veeraswami,Spialia Galba,Galba,Spialia,Carcharodini,Pyrginae,12.97244,77.580643
5-3.jpg,29-07-18,Bengaluru,Bangalore,Karnataka,Spialia Galba,Nagraj Veeraswami,Spialia Galba,Galba,Spialia,Carcharodini,Pyrginae,12.97244,77.580643
5-4.jpg,24-04-18,Bengaluru,Bangalore,Karnataka,"Spialia Galba Fabricius,",Nagraj Veeraswami,Spialia Galba,Galba,Spialia,Carcharodini,Pyrginae,12.97244,77.580643
5-5.jpg,24-09-18,Bengaluru,Bangalore,Karnataka,Banana Skipper,Haneesh Km,Erionota Torus,Galba,Spialia,Carcharodini,Pyrginae,12.97244,77.580643
5-6.jpg,12-06-18,Lonavla,Lonavala,Maharashtra,Indian skipper,Sagar Chandane,Spialia Galba,Galba,Spialia,Carcharodini,Pyrginae,18.74806,73.407219
5-7.jpg,19-01-18,Tamil Nadu,,Tamilnadu,Indian grizzled skipper,Vishvajit Kadam,Spialia Galba,Galba,Spialia,Carcharodini,Pyrginae,11.12712,78.656891
grizz.jpg,30-10-18,,,Karnataka,Asian Grizzled Skipper,Suhas Kumar,Spialia Galba,Galba,Spialia,Carcharodini,Pyrginae,,
5-8.jpg,08-10-18,Karnataka,,Karnataka,Giant Redeye - Gangara Thyrsis,Gopal Krishna Baliga,Gangara Thyrsis,Thyrsis,Gangara,Aeromachini,Hesperiinae,15.31727,75.71389
5-9.jpg,17-10-18,Bengaluru,Bangalore,Karnataka,Spialia Galba,Nagraj Veeraswami,Spialia Galba,Galba,Spialia,Carcharodini,Pyrginae,12.97244,77.580643
indian.jpg,09-01-18,,,Karnataka,Indian Skipper Purulia,Rahul Mishra,Spialia Galba,Galba,Spialia,Carcharodini,Pyrginae,,
5-10.jpg,07-07-18,Andhra Pradesh,,AndhraPradesh,ndian Grizzled skipper,Appanna Saragada,Spialia Galba,Galba,Spialia,Carcharodini,Pyrginae,16.51509,80.632095
5-11.jpg,06-08-18,Haryana,,Haryana,Grizzled skipper,Ajay Kumar,Spialia Galba,Galba,Spialia,Carcharodini,Pyrginae,29.06577,76.040497
5-12.jpg,06-08-18,Kerala,,Kerala,Skipper,Balachandran Puliyampotta,Hesperiidae,,,,,10.85051,76.27108
5-13.jpg,01-09-18,Viralimalai,Viralimalai,Tamilnadu,African Marbled Skipper,Muthu Krishnan,Gomalia Elma,Elma,Gomalia,Carcharodini,Pyrginae,10.60368,78.546211
5-14.jpg,24-11-18,GOA,,Goa,Indian grizzled skipper,Marvelyn Dias,Spialia Galba,Galba,Spialia,Carcharodini,Pyrginae,15.49677,73.827827
5-15.jpg,21-06-18,Andhra Pradesh,,AndhraPradesh,India skipper,Appanna Saragada,Spialia Galba,Galba,Spialia,Carcharodini,Pyrginae,16.51509,80.632095
5-16.jpg,08-11-18,Pune,Pune,Maharashtra,Grizzled skipper (Spialia Galba),B Savit,Spialia Galba,Galba,Spialia,Carcharodini,Pyrginae,18.51672,73.856255
5-17.jpg,02-06-18,Bengaluru,Bangalore,Karnataka,Indian skipper,Harisha Achar,Spialia Galba,Galba,Spialia,Carcharodini,Pyrginae,12.97244,77.580643
5-18.jpg,17-11-18,N.Delhi,New Delhi,Delhi,Grass Skipper,Amrik Singh Uppal,Hesperiidae,,,,Hesperiinae,28.64236,77.21711
5-19.jpg,03-10-18,Viralimalai,Viralimalai,Tamilnadu,Indian Skipper,Muthu Krishnan,Spialia Galba,Galba,Spialia,Carcharodini,Pyrginae,10.60368,Viralimalai
5-20.jpg,15-03-18,Bengaluru,Bangalore,Karnataka,Indian Grizzled Skipper,Nagraj Veeraswami,Spialia Galba,Galba,Spialia,Carcharodini,Pyrginae,12.97244,77.580643
5-21.jpg,01-04-18,Pondicherry,,Puducherry,Asian Marbled Skipper - Gomalia Elma,Gandhi Sankar,Gomalia Elma,Elma,Gomalia,Carcharodini,Pyrginae,11.91606,79.812325
5-22.jpg,01-06-18,Maharashtra,,Maharashtra,Indian grizzled skipper,Ratindra Pandey,Spialia Galba,Galba,Spialia,Carcharodini,Pyrginae,19.66328,75.300293
bns.jpg,27-10-18,West Bengal,,WestBengal,Banana skipper (Erionota Thrax) - Caterpillar,Aniruddha Singhamahapatra,Erionota Thrax,Thrax,Erionota,Aeromachini,Hesperiinae,22.97862,87.747803
5-23.jpg,08-04-18,Pune,Pune,Maharashtra,Grizzled skipper,B Savit,Spialia Galba,Galba,Spialia,Carcharodini,Pyrginae,18.51672,73.856255
african.jpg,27-09-18,,,Karnataka,African Marbled Skipper- Kallar,Franklin Sukumar,Gomalia Elma,Elma,Gomalia,Carcharodini,Pyrginae,,
5-24.jpg,01-05-18,Bengaluru,Bangalore,Karnataka,Skipper on banana leaf,Akhilesh Sharma,Hesperiidae,,,,,12.97244,77.580643
5-25.jpg,15-02-18,"Mettupalyam, TN",Mettupalyam,Tamilnadu,African Marbled Skipper,Nagaraj Shastri,Nagaraj Shastri,Elma,Gomalia,Carcharodini,Pyrginae,11.28908,76.940971
5-26.jpg,26-08-18,"Amirdhi, T.N",Amirdhi,Tamilnadu,African Marbled Skipper,Kalai Chelvan,Gomalia Elma,Elma,Gomalia,Carcharodini,Pyrginae,12.8816,79.1207
bns.jpg,01-11-18,"Medinipur, WB",Medinipur,WestBengal,Banana Skipper,Surajit Mondal,Erionota Thrax,Thrax,Erionota,Aeromachini,Hesperiinae,22.43088,87.321487
indian.jpg,27-09-18,,,Karnataka,Indian Grizzled Skipper - Kallar,Franklin Sukumar,Spialia Galba,Galba,Spialia,Carcharodini,Pyrginae,,
5-27.jpg,30-10-18,Chandigarh,Chandigarh,Maharashtra,Indian Grizzled skipper,Upendra Goswami,Spialia Galba,Galba,Spialia,Carcharodini,Pyrginae,30.74148,76.768066
5-28.jpg,17-08-18,Kerala,,Kerala,Skipper,Balachandran Puliyampotta,Hesperiidae,,,,,10.85051,76.27108
5-29.jpg,22-10-18,karnataka,,Karnataka,Asian marbled skipper,Akhilesh Sharma,Gomalia Elma,Elma,Gomalia,Carcharodini,Pyrginae,15.31727,75.71389
5-30.jpg,29-08-18,Bhaderwah,Bhaderwah,Jammu&Kashmir,Plain Marbled Skipper,Neeraj Sharma,Carcharodus alceae,alceae,Carcharodus,Carcharodini,Pyrginae,32.98302,75.710983
5-31.jpg,28-03-18,Mysore,Mysore,Karnataka,Asian Marbled Skipper,Arun Urs,Gomalia Elma,Elma,Gomalia,Carcharodini,Pyrginae,12.31182,76.652985
5-32.jpg,16-11-18,Kerala,,Kerala,Skipper Kozhikode,Balachandran Puliyampotta,Hespriidae,,,,,10.85051,76.27108
5-33.jpg,03-01-18,Gujarat,,Gujarat,Indian Skipper,Mayur H Variya,Spialia Galba,Galba,Spialia,Carcharodini,Pyrginae,22.30942,72.13623
5-34.jpg,30-06-18,Assam,,Assam,Banana Skipper (Erionota Torus),Arjun Sharma,Erionota Torus,Galba,Spialia,Carcharodini,Pyrginae,26.14804,91.731377
5-35.jpg,20-09-18,Coimbatore,Coimbatore,Tamilnadu,African Marbled Skipper,Muthu Krishnan,Gomalia Elma,Elma,Gomalia,Carcharodini,Pyrginae,11.00455,76.961632
redeye.jpg,04-08-18,"Salcete, Goa",,Goa,Giant Red eye Skipper caterpillar,Wilma DCosta,Gangara Thyrsis,Thyrsis,Gangara,Aeromachini,Hesperiinae,15.3,73.95
5-36.jpg,08-07-18,Kerala,,Kerala,Skipper Palakkad,Balachandran Puliyampotta,Hespriidae,,,,,10.85051,76.27108
5-37.jpg,08-12-18,Assam,,Assam,Matapa aria,Abhishek Dutta Choudhury,matapa aria moore,aria,Matapa,Aeromachini,Hesperiinae,26.14804,91.731377
5-38.jpg,13-02-18,Tamilnadu,,Tamilnadu,Spialia Galba,Muhammed Shaheerbabu,Spialia Galba,Galba,Spialia,Carcharodini,Pyrginae,11.05982,78.387451
grizz.jpg,05-04-18,,,UttarPradesh,Pongamia Skipper,Kavyashree A Gowda,Hasura Chromus,chromus,Hasora,,Coeliadinae,,
5-39.jpg,10-12-18,medinipur,Medinipur,WestBengal,Brown skipper butterfly,Arnab Kumar,Hesperiidae,Mathias,Pelopidas,Baorini,Hesperiinae,,
5-40.jpg,03-03-18,Kerala,,Kerala,Giant Red Eye Skipper,Pournami Vijayan,Gangara Thyrsis,Thyrsis,Gangara,Aeromachini,Hesperiinae,10.85051,76.27108
5-41.jpg,26-05-18,Kerala,,Kerala,Skipper on Nityakalyani / Sadabahar,Balachandran Puliyampotta,Hesperiidae,,,,,10.85051,76.27108
5-42.jpg,23-02-18,valanchery,Valanchery,Kerala,Banana skipper,Naeem Pamparambil,Erionota Torus,Galba,Spialia,Carcharodini,Pyrginae,,
5-43.jpg,29-07-18,Haryana,,Haryana,Grass Skipper,Ajay Kumar,,,,,Hesperiinae,,
5-44.jpg,20-08-18,West Bengal,,WestBengal,Grizzled Skipper Spialia Galba,Rajib Maulick,Spialia Galba,Galba,Spialia,Carcharodini,Pyrginae,22.97862,87.747803
1-17.jpg,28-04-18,Calicut,Calicut,Kerala,,U Anand Subbaram,,,,,,,
5-45.jpg,29-10-18,Maharashtra,,Maharashtra,Grizzled skipper Spialia Galba,Varsha Koli,Spialia Galba,Galba,Spialia,Carcharodini,Pyrginae,19.66328,75.300293
5-46.jpg,23-02-18,Pondicherry,,Puducherry,Indian Grizzled Skipper (Spialia Galba),Gandhi Sankar,Spialia Galba,Galba,Spialia,Carcharodini,Pyrginae,11.91606,79.812325
5-47.jpg,09-02-18,Bengaluru,Bangalore,Karnataka,Indian Grizzled Skipper [Spialia Galba,Nagesh Ramamurthy,Spialia Galba,Galba,Spialia,Carcharodini,Pyrginae,12.97244,77.580643
5-48.jpg,15-04-18,Bengaluru,Bangalore,Karnataka,Spialia Galba,Nagraj Veeraswami,Spialia Galba,Galba,Spialia,Carcharodini,Pyrginae,12.97244,77.580643
5-49.jpg,22-06-18,Gujarat,,Gujarat,Potanthus,Dharmesh Padhiyar,Pothantus hetaerus,,Potanthus,Taractrocerini,Hesperiinae,22.30942,72.13623
5-50.jpg,23-05-18,Pondicherry,Pondicherry,Puducherry,indian grizzled skipper,Surendiran Ryan,Spialia Galba,Galba,Spialia,Carcharodini,Pyrginae,11.91606,79.812325
5-51.jpg,28-05-18,Mangalore,Mangalore,Karnataka,Grizzled Skipper,Vasudeesha Hosabettu,Spialia Galba,Galba,Spialia,Carcharodini,Pyrginae,12.9156,74.855965
bns.jpg,15-01-18,Maharashtra,,Maharashtra,banana skipper,Tushar Bhagwat,Erionota Torus,Galba,Spialia,Carcharodini,Pyrginae,19.66328,75.300293
5-52.jpg,14-08-18,Madhya Pradesh,,MadhyaPradesh,Indian Grizzled Skipper Spialia Galba,Nayan Singh Dungriyal,Spialia Galba,Galba,Spialia,Carcharodini,Pyrginae,23.47332,77.947998
5-53.jpg,07-06-18,Maharashtra,,Maharashtra,Indian Grizzled Skipper,Prateik More,Spialia Galba,Galba,Spialia,Carcharodini,Pyrginae,19.66328,75.300293
5-54.jpg,15-04-18,"Jammu,J&K",Jammu ,Jammu&Kashmir,Pelopidas mathia and Suastus gremius,Shakha Sharma,pelopidas mathia,Mathias,Pelopidas,Baorini,Hesperiinae,32.73299,74.864273
grizz.jpg,17-10-18,Bangladesh,,Bangladesh,Indian grizzled skipper,Saiful Islam,Spialia Galba,Galba,Spialia,Carcharodini,Pyrginae,,
5-55.jpg,01-24-2018,Savandurga,Bangalore,Karnataka,African Marbled Skipper,Vasudeesha Hosabettu,Gomalia Elma,Elma,Gomalia,Carcharodini,Pyrginae,12.9197,77.2929
5-56.jpg,14-08-18,Gujarat,,Gujarat,Telicota,Dharmesh Padhiyar,Telicota Bambusae,Bambusae,Telicota,Taractrocerini,Hesperiinae,22.30942,72.13623
5-57.jpg,20-08-18,Kerala,,Kerala,Hesperiinae (Grass Skippers),Paul Pop,Grass Skipper,,,,Hesperiinae,10.85051,76.27108
5-58.jpg,13-08-18,Kerala,,Kerala,Caltoris canaraica,Muhammed Shaheerbabu,Caltoris canaraica,canaraica,Caltoris,Baorini,Hesperiinae,10.85051,76.27108
5-59.jpg,22-03-18,Arunachal Pradesh,,ArunachalPradesh,Frosted duskywing (Erynnis Pelias) Kibithoo,Balaji P Balachandran,Erynnis pelias,pelias,Erynnis,Erynnini,Pyrginae,27.84514,95.247345
5-60.jpg,05-10-18,Mangalore,Mangalore,Karnataka,Grass demon Sammilan,Sharan Venkatesh,Udaspes folus,folus,Udaspes,Aeromachini,Hesperiinae,12.9156,74.855965
5-61.jpg,10-07-18,Kerala,,Kerala,Bevans swift.,Roopa Raj,Borbo bevani Moore,bevani,Borbo,Baorini,Hesperiinae,10.85051,76.27108
5-61.jpg,18-06-18,Maharashtra,,Maharashtra,Giant redeye Ratnagiri,Mangal Rane,Gangara Thyrsis,Thyrsis,Gangara,Aeromachini,Hesperiinae,19.66328,75.300293
